modes,fr,al,sigma
TE11,10039781631.211,0.0190556261164045,10360662.4400357
TE12,11298116324.7021,0.0190656744452858,9435231.25944443
TE13,13130450711.1067,0.0190800124944945,10132898.7703358
TE15,17761974604.6582,0.0191594068905003,15602497.4790511
TE21,17796756536.7132,0.0190607688045489,9566305.5181891
TE22,18539867525.9034,0.0190550560992787,8156981.5543054
TE23,19710512418.7658,0.0190579595269852,8981048.74527981
